{
  "name": "C10",
  "stride": 5,
  "n_frames": 101,
  "times": [
    0.0,
    5000.0,
    10000.0,
    15000.0,
    20000.0,
    25000.0,
    30000.0,
    35000.0,
    40000.0,
    45000.0,
    50000.0,
    55000.0,
    60000.0,
    65000.0,
    70000.0,
    75000.0,
    80000.0,
    85000.0,
    90000.0,
    95000.0,
    100000.0,
    105000.0,
    110000.0,
    115000.0,
    120000.0,
    125000.0,
    130000.0,
    135000.0,
    140000.0,
    145000.0,
    150000.0,
    155000.0,
    160000.0,
    165000.0,
    170000.0,
    175000.0,
    180000.0,
    185000.0,
    190000.0,
    195000.0,
    200000.0,
    205000.0,
    210000.0,
    215000.0,
    220000.0,
    225000.0,
    230000.0,
    235000.0,
    240000.0,
    245000.0,
    250000.0,
    255000.0,
    260000.0,
    265000.0,
    270000.0,
    275000.0,
    280000.0,
    285000.0,
    290000.0,
    295000.0,
    300000.0,
    305000.0,
    310000.0,
    315000.0,
    320000.0,
    325000.0,
    330000.0,
    335000.0,
    340000.0,
    345000.0,
    350000.0,
    355000.0,
    360000.0,
    365000.0,
    370000.0,
    375000.0,
    380000.0,
    385000.0,
    390000.0,
    395000.0,
    400000.0,
    405000.0,
    410000.0,
    415000.0,
    420000.0,
    425000.0,
    430000.0,
    435000.0,
    440000.0,
    445000.0,
    450000.0,
    455000.0,
    460000.0,
    465000.0,
    470000.0,
    475000.0,
    480000.0,
    485000.0,
    490000.0,
    495000.0,
    500000.0
  ],
  "cx": [
    44.7463971550082,
    40.537551241745184,
    28.26189024242354,
    35.18364975776201,
    18.720636698051734,
    32.50508177839679,
    26.28522963464996,
    32.81919292402856,
    22.96239612220246,
    25.201470346509673,
    33.90891519946817,
    30.862063181841815,
    34.75469916779318,
    18.909315715895758,
    24.880081448731598,
    37.142785811718596,
    45.15034160143063,
    33.98697080376707,
    36.04877941696732,
    20.36393304695318,
    30.994495286470578,
    34.229180600908066,
    39.763693237304686,
    37.80500796047258,
    40.78421182867921,
    31.733223753799628,
    24.159815974294403,
    29.712285353224953,
    42.261119287985345,
    40.3138352735543,
    38.22384133397797,
    39.71316849743879,
    38.49194010510857,
    20.63216145215211,
    17.12964277330004,
    22.092007228180215,
    38.00230427377018,
    33.81029172120271,
    36.20785970452391,
    24.612470320713374,
    25.283137045966253,
    29.61756314701504,
    21.803698528401647,
    24.98824195449735,
    35.20946459122646,
    35.18003251111066,
    36.03871154078731,
    33.35647689678051,
    35.850754812028676,
    29.108779169600687,
    33.691378130736176,
    38.02667464621273,
    33.687470668039204,
    43.476569945723924,
    31.223495345645482,
    23.045173914638568,
    39.98087845908271,
    24.829970319182785,
    22.661087517679473,
    27.315137100219726,
    36.19501407058151,
    28.45692725888005,
    21.95669855983169,
    26.406340762126593,
    27.479735885431737,
    20.34479111653787,
    20.893883732660317,
    22.7587726910909,
    27.47903224038489,
    26.266421014291268,
    40.38489703307917,
    27.061742049087712,
    32.42932248704227,
    32.02533486154344,
    34.731717693658524,
    27.186167947745616,
    40.47966238304421,
    39.23130434766228,
    30.436495295866035,
    35.83742151613588,
    36.643847405468975,
    29.957452037010665,
    39.69903896708547,
    32.78158177387567,
    37.64143383355788,
    34.522841188642715,
    35.175421421616164,
    37.001279544830325,
    42.589150162685065,
    41.106514293764846,
    38.74284753917176,
    36.97756965307542,
    20.766359029287173,
    33.96733498749909,
    27.40119882100894,
    24.29900732835134,
    21.175754064855017,
    37.86343393796756,
    31.551575554741753,
    35.959137520966706,
    34.15095229325471
  ],
  "cy": [
    30.619056951852492,
    27.767229753659095,
    36.393890663429545,
    38.273440097290795,
    27.25826058799838,
    35.99751404656304,
    31.97971760549663,
    41.42184762836975,
    23.984353024282573,
    36.78070542253094,
    19.951155247511686,
    31.60938420884403,
    27.692180358627695,
    26.80104447941721,
    39.33108823682055,
    34.46322386470842,
    36.79908192128311,
    35.51826092755353,
    39.26623643945764,
    25.79038397176766,
    41.52389086146414,
    39.07706359345236,
    36.18304490218928,
    26.758174115640145,
    29.100285315219267,
    20.7703651678415,
    29.06451990104016,
    43.17472426685286,
    43.49815633090926,
    36.8552054570045,
    30.956742221337777,
    26.46719877042888,
    27.875859367700272,
    24.51615548428194,
    29.564828541838093,
    35.06082886118948,
    29.343019912272325,
    23.5384579140463,
    36.831983249570115,
    36.250205402609744,
    28.38958777498316,
    42.57107609289664,
    36.416606626392884,
    32.54000765600322,
    44.757687294336016,
    30.421902675981876,
    37.93266235045445,
    29.737544586629042,
    43.81560075665698,
    20.67179730196058,
    31.43676073109662,
    26.42369264614435,
    42.81108227364811,
    35.48501400182277,
    37.648693150649834,
    33.79555716337981,
    37.59532894322901,
    42.94115020492931,
    26.231779015211412,
    30.584421272042356,
    31.037952104615577,
    37.9317795800574,
    28.499680381351048,
    21.678396092815163,
    41.65082289024635,
    33.21066829952193,
    38.35488455266128,
    37.45265609011238,
    36.99767454053149,
    21.319735588114938,
    37.25748329398073,
    33.341631186449966,
    39.13313150052671,
    34.76085967075677,
    23.88411222446112,
    29.771384110274138,
    37.77712527145574,
    37.59298331766953,
    34.078742335755145,
    43.29153909918703,
    25.072655519144035,
    27.469711210698257,
    28.901569282861402,
    25.732149381990787,
    33.239908986032745,
    33.63936577785162,
    24.96318639649285,
    35.998822625478105,
    28.153834733256588,
    34.068569517724306,
    23.387099884763177,
    41.06858839576627,
    33.694223825431166,
    40.000150038872235,
    28.02133466579296,
    39.24704510135415,
    36.37163758572237,
    37.11279807385103,
    20.683605919649573,
    36.87358820291213,
    33.24798926012016
  ],