{
  "name": "C12",
  "stride": 5,
  "n_frames": 101,
  "times": [
    0.0,
    5000.0,
    10000.0,
    15000.0,
    20000.0,
    25000.0,
    30000.0,
    35000.0,
    40000.0,
    45000.0,
    50000.0,
    55000.0,
    60000.0,
    65000.0,
    70000.0,
    75000.0,
    80000.0,
    85000.0,
    90000.0,
    95000.0,
    100000.0,
    105000.0,
    110000.0,
    115000.0,
    120000.0,
    125000.0,
    130000.0,
    135000.0,
    140000.0,
    145000.0,
    150000.0,
    155000.0,
    160000.0,
    165000.0,
    170000.0,
    175000.0,
    180000.0,
    185000.0,
    190000.0,
    195000.0,
    200000.0,
    205000.0,
    210000.0,
    215000.0,
    220000.0,
    225000.0,
    230000.0,
    235000.0,
    240000.0,
    245000.0,
    250000.0,
    255000.0,
    260000.0,
    265000.0,
    270000.0,
    275000.0,
    280000.0,
    285000.0,
    290000.0,
    295000.0,
    300000.0,
    305000.0,
    310000.0,
    315000.0,
    320000.0,
    325000.0,
    330000.0,
    335000.0,
    340000.0,
    345000.0,
    350000.0,
    355000.0,
    360000.0,
    365000.0,
    370000.0,
    375000.0,
    380000.0,
    385000.0,
    390000.0,
    395000.0,
    400000.0,
    405000.0,
    410000.0,
    415000.0,
    420000.0,
    425000.0,
    430000.0,
    435000.0,
    440000.0,
    445000.0,
    450000.0,
    455000.0,
    460000.0,
    465000.0,
    470000.0,
    475000.0,
    480000.0,
    485000.0,
    490000.0,
    495000.0,
    500000.0
  ],
  "cx": [
    42.52144644313388,
    37.68547400262621,
    43.5627909649743,
    41.53199086295234,
    38.90040184656779,
    25.1532289897071,
    40.064246346155805,
    23.90271778477563,
    34.10989607810974,
    29.39416808022393,
    25.910912300745647,
    31.058845943874783,
    42.543090949588354,
    30.9533514547348,
    36.67456840409173,
    35.2323128244612,
    47.09616895039876,
    33.77390721533033,
    33.55964047431946,
    36.22672397242652,
    39.24004077275594,
    44.890085531870525,
    38.07722967465718,
    32.28206814554002,
    36.51656285815769,
    37.32364062627157,
    46.006413294474285,
    44.277552086512245,
    41.55887972831726,
    38.643101817237,
    46.49334113756816,
    29.257690290874905,
    27.520968022346498,
    25.460217899746365,
    29.48480143706004,
    42.23442422654894,
    30.314356982972885,
    34.33806276533339,
    32.550990409851075,
    41.43532419946459,
    35.38317390124003,
    36.25566841549344,
    38.3562240187327,
    41.60136308352153,
    25.073306708865694,
    40.791279774771795,
    28.698618066045974,
    33.67455157703824,
    32.08089597384135,
    29.5188791179657,
    39.072390730116105,
    39.752768484751385,
    41.86292978710598,
    33.082184901767306,
    42.361835374832154,
    33.65946273008982,
    30.73378477414449,
    30.394612512588502,
    36.44417399088542,
    23.59645110236274,
    32.953890433311464,
    33.912134953604806,
    32.569045956399705,
    28.96146806822883,
    34.80673500802782,
    37.6348628393809,
    31.363645915985106,
    41.48179090181986,
    45.134852179421316,
    40.45482972780864,
    35.866246132320825,
    43.47872986687554,
    42.81404087596469,
    45.99080775578817,
    36.59098505126106,
    41.88739645004272,
    36.74764059384664,
    43.0585853767395,
    37.982585155698985,
    44.46800219006008,
    45.48406319088406,
    25.448167843553755,
    26.048534575038484,
    36.06495724995931,
    26.908295691808064,
    25.216106730037264,
    35.87261282602946,
    42.97836871147156,
    42.98190754254659,
    32.583129339747956,
    32.68817933824327,
    43.04976874245538,
    41.68075757874383,
    41.2963463751475,
    49.316924531724716,
    47.857129995558,
    28.942884691556294,
    28.004551350805496,
    40.111335286034475,
    29.061540247599282,
    26.27336791144477
  ],
  "cy": [
    30.789212530453998,
    34.708646083407935,
    32.442440437210934,
    34.51059053315057,
    29.992462527487014,
    31.541090389357674,
    27.724406870736015,
    34.303440557056,
    27.25531240304311,
    31.062268137402004,
    25.845017909473842,
    23.909378916157618,
    45.605713239245944,
    37.74727957089742,
    38.34189067098829,
    26.712829061084324,
    26.044317902723947,
    33.70136268933614,
    27.940823561880325,
    29.232329167260065,
    32.54281261761983,
    35.94710729704963,
    36.80211848153009,
    39.6839629512363,
    24.663912274042765,
    25.948017874293857,
    33.33416269249386,
    33.336157126956515,
    37.125929578145346,
    45.31632429440816,
    31.262279255125257,
    39.517462986840144,
    43.29776312086317,
    48.33009118821886,
    35.131212793986,
    27.34599573082394,
    36.45189616839091,
    34.87182945198483,
    35.00684611956279,
    44.711029880311756,
    48.20456342273288,
    48.67587452252706,
    28.65970138390859,
    27.040456811587017,
    40.94728531519572,
    42.103090896606446,
    35.829846168094214,
    46.48558000458611,
    40.19392412397597,
    44.87369106504652,
    40.15323519600762,
    40.39284635331896,
    33.15754044903649,
    34.185946092075774,
    36.003201740052965,
    35.5774628384908,
    35.23189058833652,
    44.37487434387207,
    48.7679856300354,
    42.67585202323066,
    44.47316319465637,
    45.29012442482842,
    50.498280118306475,
    33.70668494118585,
    25.40222342915005,
    42.81826871660021,
    26.883179115189446,
    26.304290147887336,
    33.03379049619039,
    26.037201269997492,
    37.18936843554179,
    33.081634899245365,
    42.62170755704244,
    33.842596066262985,
    36.58611282348633,
    35.596901666853164,
    33.99299607329898,
    30.48098482661777,
    30.541768124898276,
    22.27428994629118,
    35.03194608264499,
    38.68990190717909,
    44.68067432403564,
    46.45258559121026,
    30.637007016075984,
    31.094773728052775,
    46.93767448955112,
    28.391218025949268,
    36.14753501574199,
    35.17656285179986,
    26.070201194021436,
    31.34253481282128,
    27.166929077042475,
    32.632118156751,
    35.70286279360453,
    39.04371299425761,
    40.95436304410298,
    45.41446879810757,
    48.06150230301751,
    48.65184117105272,
    39.984818607966105
  ],