{
  "name": "C8",
  "stride": 5,
  "n_frames": 101,
  "times": [
    0.0,
    5000.0,
    10000.0,
    15000.0,
    20000.0,
    25000.0,
    30000.0,
    35000.0,
    40000.0,
    45000.0,
    50000.0,
    55000.0,
    60000.0,
    65000.0,
    70000.0,
    75000.0,
    80000.0,
    85000.0,
    90000.0,
    95000.0,
    100000.0,
    105000.0,
    110000.0,
    115000.0,
    120000.0,
    125000.0,
    130000.0,
    135000.0,
    140000.0,
    145000.0,
    150000.0,
    155000.0,
    160000.0,
    165000.0,
    170000.0,
    175000.0,
    180000.0,
    185000.0,
    190000.0,
    195000.0,
    200000.0,
    205000.0,
    210000.0,
    215000.0,
    220000.0,
    225000.0,
    230000.0,
    235000.0,
    240000.0,
    245000.0,
    250000.0,
    255000.0,
    260000.0,
    265000.0,
    270000.0,
    275000.0,
    280000.0,
    285000.0,
    290000.0,
    295000.0,
    300000.0,
    305000.0,
    310000.0,
    315000.0,
    320000.0,
    325000.0,
    330000.0,
    335000.0,
    340000.0,
    345000.0,
    350000.0,
    355000.0,
    360000.0,
    365000.0,
    370000.0,
    375000.0,
    380000.0,
    385000.0,
    390000.0,
    395000.0,
    400000.0,
    405000.0,
    410000.0,
    415000.0,
    420000.0,
    425000.0,
    430000.0,
    435000.0,
    440000.0,
    445000.0,
    450000.0,
    455000.0,
    460000.0,
    465000.0,
    470000.0,
    475000.0,
    480000.0,
    485000.0,
    490000.0,
    495000.0,
    500000.0
  ],
  "cx": [
    27.225959610939025,
    32.37912649379836,
    21.142799657914374,
    21.183910718063512,
    22.027973290867198,
    28.071355458100637,
    31.781175092193816,
    32.32635569837358,
    28.453674934970007,
    29.784431988663144,
    23.913431717289818,
    32.23015430370967,
    22.309341371224985,
    35.06973781188329,
    31.41043898132112,
    25.849667908085717,
    37.99971016380522,
    36.21587670909034,
    31.737529288397894,
    40.2345435447163,
    43.033772920237645,
    28.300730485386318,
    20.242716242648505,
    28.33602219687568,
    28.849779099225998,
    28.69696665538682,
    42.19480058881972,
    28.245188831620744,
    38.31348100238376,
    41.89582840071784,
    43.605779853132034,
    40.5036338713434,
    38.86098795599408,
    41.770321469836766,
    34.26793917285072,
    32.46830710570018,
    41.895508921146394,
    34.54941129949358,
    43.58716180059645,
    38.25656437344021,
    36.66252951224645,
    34.56043221023348,
    29.73484868274795,
    23.384056657718286,
    34.92853638596005,
    32.150737664434644,
    26.73773043288125,
    37.60443918042713,
    39.8312240825759,
    31.0892028523816,
    32.08497374653816,
    36.25075869295332,
    33.81815434826745,
    25.94723036289215,
    19.03618143333329,
    40.12394632895788,
    41.042217245366835,
    42.77655763228734,
    35.11961280769772,
    30.998869571420883,
    28.365049909883076,
    27.2845151828395,
    24.37146645883719,
    37.902342069149014,
    28.448293040858374,
    24.77009843389193,
    29.746147235234577,
    27.195042971107696,
    32.75789044830534,
    40.12220330900616,
    33.3706196129322,
    27.748001257578533,
    19.224688400824864,
    29.62345971862475,
    35.492876723077565,
    34.748536392715245,
    43.876495173242354,
    40.96475192308426,
    39.64555744992362,
    31.01588343448109,
    33.076071027914686,
    44.19055768383874,
    36.214751678042944,
    29.00637637840377,
    25.992577638228735,
    33.9940640979343,
    38.53669631878535,
    25.094369233316847,
    27.273216550217736,
    39.581279683113095,
    27.136292948987748,
    43.15764097770055,
    38.31193234258228,
    28.192959681484435,
    44.01296733882692,
    44.378300755553774,
    43.00690479675929,
    45.97943273915185,
    25.741792877846294,
    24.858410882287554,
    23.576126136051283
  ],
  "cy": [
    38.546960139274596,
    37.59000181224611,
    36.0392447842492,
    34.21609885162778,
    23.320146960020065,
    26.828890124294492,
    29.3995916876528,
    22.7698622029417,
    24.167528926663927,
    30.318515382872686,
    38.43227270974053,
    29.41501530938678,
    28.9207444343302,
    38.09380740457111,
    48.09093987809287,
    34.05103634595871,
    35.947578123542996,
    25.354035885799547,
    42.53146033949322,
    37.24241849581401,
    40.036626954873405,
    38.659251875347564,
    31.233286254935795,
    24.82302201655176,
    25.807931794722876,
    39.05132125086254,
    39.03975876039929,
    40.626668683687846,
    23.367320534586906,
    28.393744378619722,
    34.081626596715715,
    27.926827739344702,
    38.89904354015986,
    23.243202508820428,
    38.640515727467005,
    42.928154820866055,
    36.03236982689963,
    27.632348555326463,
    34.327779383129545,
    27.850119391414854,
    38.43592539230983,
    41.18077981074651,
    42.03889783873326,
    36.96864757537842,
    37.431015737189185,
    29.84455004731814,
    36.176383627785576,
    36.08718914082791,
    46.40734253194597,
    32.91913351549043,
    32.587640437814926,
    48.104543855455184,
    45.18848132424884,
    34.04118914339278,
    37.806487933794656,
    39.12610601186752,
    38.872856023576524,
    33.30987657573488,
    30.992182005114024,
    30.32125838200251,
    42.126626986927455,
    40.41248105367025,
    29.652501434087753,
    24.4884456406037,
    23.527230273683866,
    33.507529351446365,
    27.923841631412508,
    45.528113284375934,
    45.37163407272763,
    31.85017517209053,
    32.603036334779524,
    24.40059841113786,
    26.066952636175685,
    35.48227948480182,
    25.95859150091807,
    39.191508780585394,
    36.45867535140779,
    39.653758855660755,
    36.12888369692696,
    20.509174585673545,
    24.895834575096767,
    26.872015218602286,
    28.41136240760485,
    38.55081434647242,
    40.61173804203669,
    42.96496728526221,
    40.32000896665785,
    18.5295217199458,
    28.49425130362312,
    29.77332086629338,
    30.789612626367145,
    36.17846692825357,
    40.00711997937825,
    29.410980560382207,
    39.22079356908798,
    27.786230433649486,
    30.765584863556757,
    31.60806399517589,
    26.909147073162927,
    25.619383181465995,
    32.63011267317666
  ],